<?xml version="1.0" encoding="UTF-8"?>
<project-private xmlns="http://www.netbeans.org/ns/project-private/1">
    <editor-bookmarks xmlns="http://www.netbeans.org/ns/editor-bookmarks/2" lastBookmarkId="0"/>
    <open-files xmlns="http://www.netbeans.org/ns/projectui-open-files/2">
        <group>
            <file>file:/E:/SLU_UniversitySystem/src/TeacherInformationUI.java</file>
            <file>file:/E:/SLU_UniversitySystem/src/CommonFunctions.java</file>
            <file>file:/E:/SLU_UniversitySystem/src/HomePageUI.java</file>
            <file>file:/E:/SLU_UniversitySystem/src/FeeStructure.java</file>
            <file>file:/E:/SLU_UniversitySystem/src/MarksUI.java</file>
            <file>file:/E:/SLU_UniversitySystem/src/UpdateDetials.java</file>
            <file>file:/E:/SLU_UniversitySystem/src/StudentAttendenceUI.java</file>
            <file>file:/E:/SLU_UniversitySystem/src/MarksEnter.java</file>
            <file>file:/E:/SLU_UniversitySystem/src/TeacherAttendenceInformation.java</file>
            <file>file:/E:/SLU_UniversitySystem/src/TeacherPageUI.java</file>
            <file>file:/E:/SLU_UniversitySystem/src/TeacherAttendenceUI.java</file>
            <file>file:/E:/SLU_UniversitySystem/src/NewAdmission.java</file>
            <file>file:/E:/SLU_UniversitySystem/src/AboutUsUI.java</file>
            <file>file:/E:/SLU_UniversitySystem/src/Login.java</file>
            <file>file:/E:/SLU_UniversitySystem/src/StudentAttendenceInformationUI.java</file>
            <file>file:/E:/SLU_UniversitySystem/src/ExaminationDetails.java</file>
            <file>file:/E:/SLU_UniversitySystem/src/StudentInformationUI.java</file>
        </group>
    </open-files>
</project-private>
